ID,Class
0qPGt4cRVk9NoiJgubf2,4
1bL4yiwCUvSOg7tBJudf,4
1eOaAY4fpV38LIdhxl95,4
1FacC02JPfxSdXeD7MEw,4
1gx83bLB4PSsYIKCTlZt,4
1PQFYMSBLAO9TmKk2Zhj,4
1S9ui2XqltCJAOGUPw7v,4
1yC7BzWHgtI2FibhQ0km,4
2CfJMa5HIn6D1d9EXbpe,4
2g4C03AeqoZR6ctiF1Qr,4
2icwOdb5xCshnIvMXfy4,4
2mYSX6J9Dd5lkpLuNMc8,4
2nNeZpSmwzACDiljoXM0,4
2qSURceVYgQEhOFAdPXC,4
2SRWXLQomgJyliq3G6BM,4
2VhINMP4oKmsnjZkY38U,4
2vzlFiPL03STnwtDhoCU,4
2WBAlcgeu4zZbTNy713v,4
2XiGfo95mCALRbu6KzVY,4
2YNFrzjaecyUInXCDVmt,4
2ZY5e4PHsEAvkziQGFR6,4
30htxi8FRcmfUkInewlS,4
32r6nRhN1UCwtFTfy8ZG,4
32rcXoa5QI1EmxBFS9he,4
3d2x0BYR7aiJLfPNsbgo,4
3ekS6OIvjTVhQsgrqiHo,4
3hfRptP5gUEqDHlCkMYX,4
3nowFMmKJAkiNs8CaGVb,4
3OX0rbks7LQmeDcKx8C4,4
3Q8Wvm1ceyOhSajNdCUb,4
3RiBw0ntobeCh5VEQrY1,4
3WhAuJ8OlUsk2XT0ImiK,4
4AGv29WBlocjZiPIKqsp,4
4aMbnHlA9es8vKmOFR2Z,4
4AuqM30HyOajgr8SleRL,4
4GUJ7HBXO8I56WyRSMQd,4
4j5ZXQI3ghezluq1snEp,4
4QCBDTJFskOqox0H8XIL,4
4suKxkVWNqFQZLB5UfXD,4
4vNDlExnr0y2mFXUgbz3,4
4WaGm3PhidQVRopgXz7J,4
4ZBJzEqnW52fFUw0PG3v,4
508Uk9z1gvCtucARFWG3,4
50fz3EgBdYQKMjvinR9w,4
51rb6a438sZKqOgzwYlj,4
5aqZV2vfkm63IeXYPlWg,4
5dqijn0zcEPgONTLFRoI,4
5HbKUA1oyJDeLwhM26Fq,4
5IDvAEnUpuQH7LeloGiK,4
5JfdLYbqX8oFmD1WTg97,4
5JLHiDhkzyYPdTeuMqXb,4
5QOWxyz7oqf9T6KIBDbk,4
5qQY8mHGLFA1pZgWPOXM,4
5QvCJULkphcYGge78RNs,4
5tQ4OCNKrDpPhWB7ngou,4
5YMeDkHjclrCPd8OuymR,4
5z4RdEK3fJleayugmjqH,4
60vgAOVtBRdxTMisJw5X,4
62rHUwVZ78GqfF5x1vnd,4
6cYUST29aReytkJO4zXi,4
6d0uJ9rYK1FcjRimvVNt,4
6EnhedlGIKp14bXusfwo,4
6FnbGwkoRmj0ltYiPpZE,4
6gHI9qzDjmLhd4nWS3oi,4
6GRw1oqBOEjgbYI093UA,4
6HdwDkgvEnNh9cqlyfR7,4
6Ij39ZnpNmcdKOUe0BvY,4
6JIAcqDxegQoLzdNM91w,4
6O8i5oRFAyhBQgZ9VKNw,4
6OaQhmCAoK3e8qH7NrB5,4
6PG57gUmE2rLebCBTMno,4
6tV2UrOqmFoGua380Rhd,4
6u25JYNBy8wzSHUjqxvh,4
6VNXsCD0lueo1nw3KO5M,4
6WbENDkcC750euPGqApQ,4
6XvS9xbnOsJKrGL30NZM,4
6ZsB7guTtJqAp45VcnS8,4
74zFPGsnxZX5pqlaVUWY,4
7c06VofO9jp8dkSIunga,4
7cnyTvamsXhUi5IdSlZ4,4
7D92cJaF5QIdpA1OEhSt,4
7DSdcK2ZLkFmhlXUpzJw,4
7Ebd8M0gDHBRIjFvr6SQ,4
7eJywSFZtf9D18RxdTUM,4
7GsWJqlM3kCt62axD5O8,4
7J4un8UNCgcPYmzsyxZI,4
7KHscjvztoka0QpqYFxb,4
7LCKOhHDaXRbcFwxdnz5,4
7LRvGWSE3hKjZlcVgemq,4
7MOSHZDbnxzfhyAmqjYl,4
7OZ8auLijd26EwXcIGHo,4
7QrNYCk9O18JlZWgxmwE,4
7r4nyOFDRwkc2EgxopWV,4
7W4mwlHBPNdcFaViXsrD,4
81jMeyEZiOpJkCuBlDYg,4
849LvXpTdqesHuxnwfOG,4
8a3GEC7cPKtx0lI6qYvL,4
8EQSs7XKIkVNHL0Z41au,4
8G30bR6M9dmVXziN1Fxs,4
8gIHGUx4VBT0Kceldnbm,4
8hPsWwjKD51Z7BtmLNx4,4
8JdntIrPBj61FRx39cfb,4
8KNqArVDfusEobR4Y0lO,4
8LFCXHZ2TMdNhc7aUAGf,4
8LnoxdfArQiIbvV59Yyq,4
8NOJxRZ65rjy1H0pKWsA,4
8odIrLKhPvcDWNCVasUl,4
8TGkrqM9SDonpm46KLuU,4
8vJiQURcq15ZtmEdHOIp,4
8wFGat9S6sIJCNmd20zq,4
8wiAzpNQEV07aXyR6DIl,4
8wy0Pnkc3eJBq1WNSUFG,4
97o6x4ZILtD8bJsd0EQ1,4
9CpcVP4NlA0n2hU7DzTY,4
9cuvUrSgBCIq6L3p0He7,4
9CVbzaWsLvcHjPqZu2Q3,4
9DauIvUMYJ15so3beSn0,4
9eMPNZm0jOhr1SLBDs46,4
9etf3m1LnKEFTNoSj574,4
9lHyVeXERtIaZcL4kWqM,4
9LKBIVulpHtRfP2OaTAZ,4
9M6r8hsleUKTmvfB7Yn2,4
9MFzgoiD3y0BXQGdY8vq,4
9MKSaiLY4AtGDZfvRQ1E,4
9ml614yxaYqeibfruLWz,4
9rYnHZKwqkfS43RQ5JhE,4
9UvoPgMf0tnp6KA7NiCu,4
9vSJ1dDnwbxl4Fm0By8h,4
9ybCjYPNtAS3pBU7IfdR,4
A4VuQZbt2oGyOkUcvS7W,4
a63qScpsxBFJtAXjd1nV,4
A7QialhFt2kLjBGXw5qI,4
A8hKH57o1Fj0ZgI4q9QX,4
Ab76U0fJanpo2QwxVN9e,4
Aci3M7yVmTuk2SDgNrRw,4
aeS2NqfM8tWdDKUsQgR5,4
AgSXb01HILY3mVwfnesd,4
AiaszSGJFhg0wbtyR8Op,4
AiTGE0dPvU4JH92LYoXD,4
AlNimKRVGWnbq7X64jfs,4
alNJ9v5fdyO2QXruVFsp,4
AmPVn2SGUxg8IT3BDda9,4
aneBJbW8khZgVxqGIKEU,4
aNRflB3AsYTuZhWHQL4z,4
APpjKbehBDNIHXuSnO1W,4
ARIuhH95Kori4B8wmQLM,4
aRSepuWwyvZLgfXx8m9E,4
Atpz1WjXkcIo7l5TPh9Y,4
aWKIv5xOEzt6snd83MeN,4
AX2HRNjzG1rDuyOliwsf,4
aYvLmPcHznMh8w0uFDkA,4
aZKEkJF7CQtNSDf64d0P,4
b28VuAYhaez0lDPtc6kT,4
B5YUlVtdxFgkTM7mN9Sh,4
b6ZsxrcU9oTlziSwDGVI,4
BAGfw1SeoPIqyhTErbit,4
banLTf3rYzPjOMK1osqd,4
BdDpAUVrf32Hwm5ex74o,4
bG4TtEiph3JdyZCNsoz9,4
BiYN91OHbgmVJnjuDyGk,4
Bj1A0a6Ec4MIUQzfsTg7,4
BjrkNJeI9HMb5lOgpC26,4
BlHZ9E0sqgPcLaK1nVCt,4
bnYykKarSTdp3qszeJiw,4
BpAoClbIMLsxzWyPHOaJ,4
bsdFLWce8w4kI72U6hS0,4
BSJOwazTVHixmLDZEuUn,4
BSNsRxEFa4YU6Ov1iq2I,4
buBXk0VawKfpYLytPxFj,4
bv0C5hAytloHIWaUG6r7,4
BV5FwZi6DPO4UcgoG9h1,4
Bv7fxdPDSZKmAXGp8baQ,4
BVSv2EQDiNfR4OxL60l5,4
by4dzJBQ76juNaUC2w9W,4
BYVt3xvN9yOXT5adsIoC,4
bzmIweixPWfjVQXhO3r4,4
BZyd9n1Lik5loVQWYgJR,4
c0h5bDU2PjwARy1W7uSi,4
C3UeqDSpcyuTg0WsGvZR,4
C6Zatxj5GlUqs2L0HPOn,4
cCQpIf47skX29OJxaDrE,4
cDRA2GdrqXYfoNaUMJg7,4
CEfkRZXa14zAWG9Duqvc,4
CfSF2urLkdAX6MbzQiIa,4
CH8Yj5Nhz0oVkTc9mSJe,4
cHGNtfV2oq0UwBWSgA9r,4
chVqtrzIORSJkCwu2KfQ,4
CITaOLPoy9vEpM0qe8X2,4
CJd8AaX1f4EqUVtj9Won,4
CJR6XzFHGUfeDMsh8xQk,4
ckaHuew6QN1dhb07q2V3,4
CkzJnxomRNpMBfeK8TDg,4
cM2qiXmpHhuag3r1RUIe,4
cMDuGY0R5UbhJNtkHnq9,4
CmkrzR9pL7siO10q35IM,4
CnhXYK6fcAieFjQgJ4Hv,4
ComqpXwFH8zgJdIrEMya,4
COz1qc0Ds7RHkdbQBwvU,4
CPELmM8GYegcxRIQH4VA,4
CQ9ATzbP3j2On810GX4d,4
cquHZ28hReUoI4aJGKin,4
craPXWx5M90jq1smZoKA,4
CRYTnotb5J4qHfviU2DS,4
CUomVD70p3O8MFkwiTsd,4
CV7DFk6tUNpbyJcwEKsx,4
CvdWjIn9A4GkBbp1HF6T,4
cw9MqhojugmlnC0iY386,4
CxU4nQhjq7vPAYH2uOyr,4
CZERL3GtjlXBSK2QidO6,4
Czgw1rG4JPoV5ksNDuEx,4
D2TGLaizwXHf3YjNJ1pv,4
d2xiVKZe4JTgBQSkOntW,4
D6WLAbdEhBvgXrRMJkao,4
DAJWPTcYfBXlRz6oa8m7,4
DALwrgpdQcolMWVBzb1t,4
dAW1p8eljnvTZCgtfYHa,4
dj7GfVSTmo3Hkv46Wiah,4
dJjQbDGsra5i6XzkmWfF,4
djpZOCDqxPWlhFrsXk2J,4
dkavAF5rQz1TX4O6SqhV,4
DkyjfaKHbhTCYr0px2iQ,4
Dm2UHLlhcoiM0xGYwVSN,4
DMtdk84SP10RYjaZEUxz,4
DQJfl0CT3gvt8pbMqHyX,4
DR3eyfHBIJgK08krA1CT,4
drBa6Xi5wAsectZYNb2n,4
Dri7s2veJT4hj0R3aHkf,4
DRsZqtFbzNrucxWaJofL,4
drTJEXDQkP82ueAgIitZ,4
DSWecTduKPtZNQoVR8qh,4
dYAObu2FDVoXmvTt5UjG,4
DzCt290diLU3eKIExNpv,4
E4eSC8pqYdrkWfBOtFv5,4
e7cuTA6PjE1vU2b9qHOt,4
e7FhuKwUW8LfMA2bxEDl,4
e7JZ2kUbKHzhfpMRctqE,4
EcRZsJXubnGd8eSImAWa,4
EdT3lQiGHbzmrX2L1NgD,4
EFyS8WGvdetUPbqiBhID,4
eGc1liEILN0hzWaOsnSH,4
eGMTAm0csZLI9QbJpCUY,4
eGwk8W6m4NIzsAaHvfx3,4
eh7tKw0LaQpW2mgUAOVH,4
eHFQBbSs0P1uT6Ljr9x7,4
EKmgShQsf6a9vY0znNlU,4
ekRZWI15vJCVP3iBYjld,4
EL1Fnf4xam7MObJ5DgYd,4
emfAXPk3uGVwRaCF9Zgh,4
eOvS6EBmctN4K3guC15k,4
eoYx592qRyF10HBdaJ8L,4
EpBVNQnoMzYaCbe96OZx,4
ePCwhpaOtzJHT4QMBsXZ,4
eQ4LrW5UzlSIdkHJgbBp,4
ErbRWGIYgktQ1mf5Hw2u,4
ErlsfYCZaD0tuLjSo8GM,4
Erlut8aMiL1F5YsjO4GS,4
ErYMOiwT8h3yqvfkm9Pu,4
ew25jRNd81oLryHW4ZVI,4
EYJryk0oKhPwRNbWuIUz,4
ezpQ9ksPIVhAarCwSg70,4
f25CLhEsZYBuOwvoTjz0,4
f3QCengcsa0o7KlZyX1r,4
F8gCLZcH07qTkiBwpjlO,4
FaKJdlpSU10sgw7jmQhe,4
fbvWPV2U0xQ3TpqohAFy,4
fbYAeW5rtdnFRcsvyo3X,4
FD0QUxGhmurO9Y6bITAj,4
FdPwzJ95fRp1LGceAEWI,4
FfmsbQcv6V3rGdDLBNXM,4
fHWo9xSpPTFNQ4bRYgXE,4
fIQ7X2ysMOH3qG6kKwib,4
fJNIFnjPxKEvHemRBYsg,4
FLjUoM3ahgeXQuRmAS8O,4
fmEhB62Z9MnsSJX7bRAQ,4
fMeiEQ4BrOm0dCgY71Fu,4
Fmgw4Qj1asTx0fS6Hvb2,4
FNAVfQgh4a6k3lUY5ZcK,4
fnHDty72dWwjkXgYqUPA,4
FnyqR98g2mSZNIeLiG4o,4
FoafOZJusw17CRkz4Ul8,4
FOCwBfNrL3562sRglxZc,4
FPBhOUAvt278Dop9armX,4
fpiZ6no01V8gydTe4UFw,4
FqEZWbA3xlSf178hYjMn,4
fqtA64LyDpER8nvrTslF,4
frgtup5NAaT9qRVDj4hO,4
fSn3lMtv0pJWIKLzNxeG,4
Ft0dsjHpwqcWoXK6ST7n,4
FtBHiVSc1PAaxelsC7yg,4
FU1p8GJSVXAry3e2HMwn,4
Fw2DKBfl05J4xkoArtU3,4
G2wlN4BuxnLUHiXQeSZR,4
G54U96frYb2CLIOSpMyX,4
g7sDFNXIqYmCMkWOpPrA,4
g7SQeJHR0IGrqBzfumlC,4
g7vEfrR3s49CH8AVUeSu,4
g80ZFdKzRoNCvqTcejrV,4
g937V6FUYlT0PybHMEin,4
G9jfR1PvIhwMx2Wts43b,4
G9tcxvXL8sZAjU72zYOg,4
gacV7j1fSJ2ObNlykwEq,4
GBpWNc6frYvmq57wyxgX,4
Gbs4cQpR5JWdFhBIVKHl,4
gC2GsRX3ewpQyvjO0Hb4,4
GeB24sD0kRKbZFrSdpNw,4
GewamPurl6D0Fs3zvbon,4
GgHz1ZSPklNmUJao9xht,4
gGPBDhr24EI875LfTNXV,4
GHyIqK3kbD7SvBftzaYo,4
gi5zQqk4cp7mXnHfSTbP,4
gIONM8E513LYstAjyzWl,4
GJ1tcdBHRUOMILq3soiZ,4
GjiUIwTP0R1r8t9SobAY,4
GLrQbRUluV0qzahkDEms,4
gmFxGQlWUviPhKyAkoeI,4
gNBSR3AMjacCEUOKFfhW,4
gnKi3qo6WbBSzQs2fRGt,4
gP2lDJxn9mFV5U0dujbs,4
GP9MBktKncadV1gF7N25,4
Gpd5s3Y7HKwXf4NaOPZk,4
gPRfarzs4W7Notj0liHM,4
gq9cv7lPXyzBDsY8SfVe,4
gRBocU81iGy75lemTdsa,4
gRZ9nxcONPftvzDCyKTQ,4
GsAVzyD4hUnebMNvJFxc,4
GTXj5Lg2ZF4tJAsPBCYc,4
GV7WShk4vjpiKqbEBgsr,4
GxK7nfY1mOrBNDepqWj6,4
gZyCkLSlHf0x35REWhjm,4
H2toBzikE7AxGYNnZMXq,4
H6lnwc5Ixk3o8O7iXtJK,4
h91pBdZvGIuYe3Fqcn4M,4
h9amYlEipKOJtCN25uvB,4
haMeQO6Y4A93ipELGwXF,4
HaTioeY3kbvJW2LXtOwF,4
HC1UgrS8istEpO0A7avX,4
hcnS2PgZufMNXtQ5GAz9,4
hd13cetC4NLr7TpAYxui,4
hdJnQNkT6b4yDeVwaR3F,4
HeJ3ZCW4yLRrdktsnKo1,4
HFQTfjJp98VMhYeBrkmd,4
hHnpTaPYU4StmeC6yNxr,4
hJw2Om4LxnIBFKo5feua,4
HKgJMPYDlcUmF74G0pis,4
hlmIHcydkXi31VfWpTG7,4
hnGHbT23JFgl9ORqPKuk,4
hO7VJNqLIXrfFmZAyeMd,4
HpMdj30s7EDPkiFLWvYy,4
HUODeWwRlv1aJKVT3Gni,4
HuqJS8CAp24F1aWeLtIo,4
hXkf7nxQJEItSC95GDad,4
i0JrWpyNfu5vV9tzahSY,4
i1OyRUG9mCvIZYD6olNT,4
iabhfQKo2XPgrGpdZStD,4
iAFZ8be3gGIJcK9uHwEy,4
iaHNVLkKABMznmxDWFZ5,4
iBz3MaqYb0PplxDhgTCN,4
ICeS9QhkFyus07p8PRWB,4
iClgu3d9HaVLfXhUzkIG,4
idDSEvTsVqZhI7MlKnGu,4
IDZd8YoXcfnmkEUjv5Ba,4
ifJCRz1vL0eu4ljIZ3p8,4
igyFEdlJtGwk8uT2rnNV,4
IH0aSRoevUGE3k9FDhJA,4
ihT109rSABLfdRNxvMGW,4
iJpgS9hMDuFrCTItyokl,4
IkdgWAqnBm803YZfuQxX,4
iKQcpTlzFkgrb7RJyjDs,4
ILTHy6snFQiapuxbXS7R,4
IMA4VZEdYtJ5Pg0bRwLH,4
InuTWEf1OgdiQD3lRcHz,4
ireBgWXwZGyvjU9aR7P6,4
IS5gEHZFc0xpPj86N72D,4
IT8nb7MvO5QZptGjNasH,4
IuDWhwfPcYTK3LBovO5d,4
IUSuf2hBaRG8yrNJqDHz,4
IVk2Scu69wdmQ7tEO8rY,4
IwNUoFX01y2aBL9ZmObh,4
IX7eM5rAgK4qpOjo9RDT,4
IxVpXTyfqWoj8ri7sMSc,4
IY9HnrhqPomv3L6bAzeX,4
J0fY3O5lUmuNqVPBDRKn,4
j1lGIRFzMHXnVPZ8DQBg,4
j2gBF09pxTcfIPy4kwJH,4
j2pzLZUsYTlKG7bVf9Fk,4
j2wLH4fBoVF7rJK0ks5t,4
j3MZQWRstbSx5CG9mpTn,4
j3tdbX6HDPxA7ZkBUpvG,4
j3thgSImoFBZAPsrpaqT,4
J8pdGbHyWis9ToawOIMA,4
J9BpcFqysLwr0YHeNt2o,4
j9fqwK78kFxmBWclQh2N,4
j9xpRuC3HiYyoDlQ6JFO,4
JAB5De4OMltSf6IKHo3Q,4
JBEzM0ZsuWaDt8bLypPv,4
jBXul1FAgEcKxO9ZYCDU,4
JbzyqeI9ThRA4LWQN823,4
JdKvufgTtHEU9qoMxFSW,4
je4HWtx9M5ySpPBO0wgf,4
JeR146WPmlVnxKvQAESb,4
jERVLnaTwhHFrZbvNfCy,4
jEZkrOP7GayNmiXdget5,4
JfaAGUkRVNxCwqdb6sj5,4
jLtKBPl5Xk6peO9DWucy,4
jOZMUJF5waGhqLQbWsYz,4
Jpvuw1BibgPOt0SnKD9Q,4
jrg4n6P8cIGoSBXyWAtp,4
jRwZmbJetAvIcqKVYDrO,4
Ju4nWgOCHXBlyZmTo51e,4
jV8cSxM45pXgW7JPo6qt,4
jV9q0Ae8pCmL7iGRDv6o,4
JvHA2RcsbZqDQ5ETtog3,4
jzf91HDNIbFMPaKEmZvL,4
JzHoWdVa3CrB2qOR1NbL,4
k2uRGpoUItiWrTga9ysQ,4
k2W1nfmMKqwIPxsl6ire,4
K4IXeqoLWvYJwg8thdrx,4
k4x01p8qFl7i5tbSBDJf,4
k7pFAZu4qLvW3o0hNHPf,4
K9kNdLS83clsP0wDFObZ,4
kAQCMqUNsZDoribmvw84,4
KAVHCXZWDib1zxPOqINJ,4
kAzywbamDKcOWFgZGTQ4,4
kCyuYhjLRZU7XF52NVzo,4
kczYF5vSxW3ZrilfJesd,4
kdzj2p0qHin4fMBCaPF5,4
kei4pRX9ENQaKFsLcOU1,4
ken1LRYK7B4ryGmT3MfC,4
KfQ58FVTkB9sb1i4u7zH,4
Ki1pYrmszFSjuWUvHIqk,4
kJ1a9c6NoCv4DqA7Hh8R,4
kjn4yXdo0iLCmZ9GugOV,4
kl6Lw0U7WYT2biJXhP3y,4
KLc2AnjgPzWCTqV7iy0B,4
KOR9MFiqcBYTZ3UksX4l,4
kRUx3TuoJSgp0sqDzNGX,4
kS8dLUGCRbajYvJZyDPe,4
KsaoU1ZWTfqSFYbOxPg8,4
ktjMBCYU054Nh7GfT6sr,4
KXy5fwEeZon9r6bHAvRg,4
l06yuHvrqdzTo8CQeAO5,4
l1yeU9NCErfuov4GIXj6,4
L2PXN61rS7ouyCA4FR9U,4
l387nbiI4TU9LNMQt1Fe,4
l3iRBsCVb4Z81TLNxSgM,4
l4UcKFH3ZaGOvsxnzYdC,4
L5MO1uWhDZ2yplTkoRUd,4
l5zY6vNZbOKF07uSn2Am,4
lBuYeZUbtHQVsh7Tn2NJ,4
lC4sdkhcZS6zYaE53D1v,4
lcqv9STBAX20houtQnR3,4
LCrZhlaY3MnDA1GKwtvT,4
ldNfaCpceLnGUE0rPzqF,4
LdYVqZXi4EpATxvmBcW8,4
LejcaXxAEgC31WhlswQ2,4
LEnDGzVIjHaqmrPMJyR0,4
Lf5U8qioZ9yOkjrGT37A,4
LfVY3tPrRZHGQ2SdJm5x,4
LGbDxkN6wV9TedtYchBA,4
LgeBlyYQAD1NiVGRuxwk,4
LH5pzdDSPOtgIaBC1jWo,4
Li5YIMaubo4TWtEV7gxs,4
lIROYxmjTw8r2A3HiQay,4
LivEmF2ytpsDexIVWuYR,4
ljFT1KeZmEiHxhuRbrcd,4
ljuryB4bfagHqV5FM9Ae,4
Lk2VPl51Q6mwrAd0jhic,4
lkqEXK4NrYSseRTt0Gb3,4
lLvracbzqACpwsUtnuHh,4
LNAnljesrEDma5oUfVZI,4
loIP1tiwELF9YNZQjSUO,4
LOP6HaJKXpkic5dyuVnT,4
LOqA6FX02GWguYrI1Zbe,4
LoWgaidpb2IUM5ACcSGO,4
lS0IVqXeJrN6Dzi9Pap1,4
